INSERT INTO FinalProject.users (userName, fullName, password, creditCard, billingAddress) VALUES ('ander428', 'Anderson, Joshua', '5ad625a8132d4620af98eff483606115bc27d22687c09b4ed69fffae', '4160990057331189', '79882 Good Stravenue');
INSERT INTO FinalProject.users (userName, fullName, password, creditCard, billingAddress) VALUES ('fake', null, '90a3ed9e32b2aaf4c61c410eb925426119e1a9dc53d4286ade99a809', '2345125828392913', null);
INSERT INTO FinalProject.users (userName, fullName, password, creditCard, billingAddress) VALUES ('karlHickel', 'Hickel,Karl', '4f2ecb7dd1912d1d93ec056e25e4ebe7fbe2f428fcb1a9fe89a2fcd8', '4973723749001270', '0265 Dalton Track Suite 692');
INSERT INTO FinalProject.users (userName, fullName, password, creditCard, billingAddress) VALUES ('steakLOB', 'German,Rene', '688f6d902b58708d76fc1cd5ad5f0459690e6655c5049922a2266cb1', '4768356434849450', '667 Scott Harbor Suite 963');
INSERT INTO FinalProject.users (userName, fullName, password, creditCard, billingAddress) VALUES ('test', null, '147ad31215fd55112ce613a7883902bb306aa35bba879cd2dbe500b9', null, null);
INSERT INTO FinalProject.users (userName, fullName, password, creditCard, billingAddress) VALUES ('test1', null, '90a3ed9e32b2aaf4c61c410eb925426119e1a9dc53d4286ade99a809', null, null);


INSERT INTO FinalProject.businessInfo (businessName, address, state) VALUES ('Carter PLC', '96535 Shawn Club', 'AK');
INSERT INTO FinalProject.businessInfo (businessName, address, state) VALUES ('Jones PLC', '0376 Hampton Inlet Apt. 082', 'AK');
INSERT INTO FinalProject.businessInfo (businessName, address, state) VALUES ('Richardson PLC', '53416 Wendy Summit Suite 212', 'AK');
INSERT INTO FinalProject.businessInfo (businessName, address, state) VALUES ('Knight, Myers and Pope', '77591 Jennifer Key Apt. 013', 'AL');
INSERT INTO FinalProject.businessInfo (businessName, address, state) VALUES ('Cain-Nolan', '29847 Nelson Parks', 'AR');
INSERT INTO FinalProject.businessInfo (businessName, address, state) VALUES ('Beltran and Sons', '2541 Jenkins Ports', 'AZ');
INSERT INTO FinalProject.businessInfo (businessName, address, state) VALUES ('French-Davis', '1896 Sean Pass', 'AZ');
INSERT INTO FinalProject.businessInfo (businessName, address, state) VALUES ('Jackson-Bray', '097 Desiree Parkway', 'AZ');
INSERT INTO FinalProject.businessInfo (businessName, address, state) VALUES ('Wagner-Daniels', '116 Robert Meadow Apt. 868', 'AZ');
INSERT INTO FinalProject.businessInfo (businessName, address, state) VALUES ('Williams Ltd', '159 Stout Manors', 'AZ');
INSERT INTO FinalProject.businessInfo (businessName, address, state) VALUES ('Keller and Sons', '8266 Angel Crossroad', 'CA');
INSERT INTO FinalProject.businessInfo (businessName, address, state) VALUES ('McDonalds', '1 Foo Bar ln', 'CA');
INSERT INTO FinalProject.businessInfo (businessName, address, state) VALUES ('Wendy''s', '2 Foo Bar ln', 'CA');
INSERT INTO FinalProject.businessInfo (businessName, address, state) VALUES ('Woods-Rhodes', '080 Debra Underpass Suite 750', 'CA');
INSERT INTO FinalProject.businessInfo (businessName, address, state) VALUES ('Armstrong Inc', '17350 Brandon Rue Apt. 277', 'CO');
INSERT INTO FinalProject.businessInfo (businessName, address, state) VALUES ('Gallagher, Henderson and Martin', '638 Scott Via Apt. 967', 'CO');
INSERT INTO FinalProject.businessInfo (businessName, address, state) VALUES ('May PLC', '4908 Brown Underpass Apt. 255', 'CO');
INSERT INTO FinalProject.businessInfo (businessName, address, state) VALUES ('Mckee Ltd', '5620 Lorraine Mission Apt. 352', 'CO');
INSERT INTO FinalProject.businessInfo (businessName, address, state) VALUES ('Wheeler, Ramirez and Parker', '462 Julie Ville Suite 802', 'CO');
INSERT INTO FinalProject.businessInfo (businessName, address, state) VALUES ('Munoz, Black and Arellano', '2716 Alexander Point Apt. 000', 'CT');
INSERT INTO FinalProject.businessInfo (businessName, address, state) VALUES ('Reynolds, Garcia and Walker', '5962 Freeman Harbors', 'CT');
INSERT INTO FinalProject.businessInfo (businessName, address, state) VALUES ('Munoz, Herman and Cline', '38218 Benjamin Street Apt. 817', 'DC');
INSERT INTO FinalProject.businessInfo (businessName, address, state) VALUES ('Reed, Lara and Mendoza', '77615 Nicole Mountains', 'DC');
INSERT INTO FinalProject.businessInfo (businessName, address, state) VALUES ('Benitez, Thompson and Strickland', '479 Michael Gateway Suite 442', 'DE');
INSERT INTO FinalProject.businessInfo (businessName, address, state) VALUES ('Haynes, Moore and Phillips', '21200 Baker Glens', 'DE');
INSERT INTO FinalProject.businessInfo (businessName, address, state) VALUES ('Hunt, Harris and Gilmore', '9327 David Plaza', 'DE');
INSERT INTO FinalProject.businessInfo (businessName, address, state) VALUES ('Mccann Group', '316 Nunez Spurs', 'DE');
INSERT INTO FinalProject.businessInfo (businessName, address, state) VALUES ('Smith PLC', '6752 Sarah Cliffs Suite 372', 'DE');
INSERT INTO FinalProject.businessInfo (businessName, address, state) VALUES ('Wilson Inc', '19831 Baker Points Apt. 717', 'DE');
INSERT INTO FinalProject.businessInfo (businessName, address, state) VALUES ('Pugh, Lee and Morgan', '488 Darrell Port', 'FL');
INSERT INTO FinalProject.businessInfo (businessName, address, state) VALUES ('Smith, Becker and Walton', '9753 Henderson Harbors Apt. 344', 'FL');
INSERT INTO FinalProject.businessInfo (businessName, address, state) VALUES ('Kaiser-Golden', '933 Wilson Springs Suite 643', 'GA');
INSERT INTO FinalProject.businessInfo (businessName, address, state) VALUES ('Mcconnell, Thomas and Carey', '011 Padilla Harbors', 'GA');
INSERT INTO FinalProject.businessInfo (businessName, address, state) VALUES ('Crawford and Sons', '6687 Bates Pine Apt. 328', 'HI');
INSERT INTO FinalProject.businessInfo (businessName, address, state) VALUES ('Lee Ltd', '6073 Charles Mission', 'HI');
INSERT INTO FinalProject.businessInfo (businessName, address, state) VALUES ('Rose-Watkins', '281 Robinson Hill Suite 277', 'HI');
INSERT INTO FinalProject.businessInfo (businessName, address, state) VALUES ('Aguirre-Cook', '15022 Jose Trace', 'IA');
INSERT INTO FinalProject.businessInfo (businessName, address, state) VALUES ('Rosales Inc', '835 Haney Brooks Apt. 781', 'IA');
INSERT INTO FinalProject.businessInfo (businessName, address, state) VALUES ('Cooper Group', '7897 Hopkins Village', 'ID');
INSERT INTO FinalProject.businessInfo (businessName, address, state) VALUES ('Morris, Morales and Walker', '7215 Tina Points Suite 901', 'ID');
INSERT INTO FinalProject.businessInfo (businessName, address, state) VALUES ('Perry-Barr', '1469 Howell Hill', 'ID');
INSERT INTO FinalProject.businessInfo (businessName, address, state) VALUES ('Archer-Harrison', '5975 Jennifer Village Suite 609', 'IL');
INSERT INTO FinalProject.businessInfo (businessName, address, state) VALUES ('Fuller-Fritz', '1104 Kristen Orchard Suite 485', 'IL');
INSERT INTO FinalProject.businessInfo (businessName, address, state) VALUES ('Payne, Lopez and Luna', '2454 Kelly Prairie Apt. 855', 'IL');
INSERT INTO FinalProject.businessInfo (businessName, address, state) VALUES ('Zimmerman-Davis', '3803 Hughes Union', 'IL');
INSERT INTO FinalProject.businessInfo (businessName, address, state) VALUES ('Mora LLC', '7376 Frank Walks', 'IN');
INSERT INTO FinalProject.businessInfo (businessName, address, state) VALUES ('Tyler, Mcpherson and Meyer', '33091 Adams Ridge', 'IN');
INSERT INTO FinalProject.businessInfo (businessName, address, state) VALUES ('Burke Ltd', '19533 Cohen Fields Apt. 314', 'KS');
INSERT INTO FinalProject.businessInfo (businessName, address, state) VALUES ('Chavez, Thompson and Long', '3862 Cook Dale', 'KS');
INSERT INTO FinalProject.businessInfo (businessName, address, state) VALUES ('Johnson and Sons', '5055 Matthew Fords Apt. 793', 'KS');
INSERT INTO FinalProject.businessInfo (businessName, address, state) VALUES ('Richardson, Sandoval and Brown', '015 Nancy Meadows Suite 281', 'KS');
INSERT INTO FinalProject.businessInfo (businessName, address, state) VALUES ('Watson, Gomez and White', '13338 Donald Viaduct Apt. 124', 'KS');
INSERT INTO FinalProject.businessInfo (businessName, address, state) VALUES ('Garcia, White and Valencia', '339 Elizabeth Shoal Apt. 350', 'KY');
INSERT INTO FinalProject.businessInfo (businessName, address, state) VALUES ('Jones, Thomas and Tapia', '71010 Megan Mills', 'KY');
INSERT INTO FinalProject.businessInfo (businessName, address, state) VALUES ('Lynn-Fox', '242 Michael Forks', 'KY');
INSERT INTO FinalProject.businessInfo (businessName, address, state) VALUES ('Patterson PLC', '9103 Mccarty Walks', 'KY');
INSERT INTO FinalProject.businessInfo (businessName, address, state) VALUES ('Smith, Velazquez and Barry', '36148 Alyssa Village Suite 672', 'KY');
INSERT INTO FinalProject.businessInfo (businessName, address, state) VALUES ('Flores Group', '99046 Raymond Harbors', 'LA');
INSERT INTO FinalProject.businessInfo (businessName, address, state) VALUES ('Murphy, Chavez and Henderson', '9858 Jillian Path Suite 169', 'LA');
INSERT INTO FinalProject.businessInfo (businessName, address, state) VALUES ('Smith Ltd', '4814 Simpson Port Apt. 276', 'LA');
INSERT INTO FinalProject.businessInfo (businessName, address, state) VALUES ('Bolton, Barnes and Hernandez', '608 Michael Locks Suite 997', 'MA');
INSERT INTO FinalProject.businessInfo (businessName, address, state) VALUES ('Diaz-Pena', '79407 John Crescent Apt. 958', 'MA');
INSERT INTO FinalProject.businessInfo (businessName, address, state) VALUES ('Hall PLC', '30010 Catherine Street', 'MA');
INSERT INTO FinalProject.businessInfo (businessName, address, state) VALUES ('Forbes-Donovan', '35104 Taylor Rapid Apt. 650', 'MD');
INSERT INTO FinalProject.businessInfo (businessName, address, state) VALUES ('Horn-Lopez', '69031 Thomas Pine Suite 206', 'MD');
INSERT INTO FinalProject.businessInfo (businessName, address, state) VALUES ('Levine-Diaz', '643 Stacey Landing', 'MD');
INSERT INTO FinalProject.businessInfo (businessName, address, state) VALUES ('Crawford-Sullivan', '6209 Marcus Passage Apt. 795', 'ME');
INSERT INTO FinalProject.businessInfo (businessName, address, state) VALUES ('Hendrix, Gibson and Jenkins', '209 Daniels Knolls Suite 800', 'ME');
INSERT INTO FinalProject.businessInfo (businessName, address, state) VALUES ('Ruiz Inc', '09692 Baker Shore', 'ME');
INSERT INTO FinalProject.businessInfo (businessName, address, state) VALUES ('Tanner, Thomas and Mclaughlin', '7581 Sarah Throughway', 'ME');
INSERT INTO FinalProject.businessInfo (businessName, address, state) VALUES ('Carpenter-Neal', '1477 Eric Land Suite 235', 'MI');
INSERT INTO FinalProject.businessInfo (businessName, address, state) VALUES ('Collins, Stevens and Alvarado', '0194 Joe Row', 'MI');
INSERT INTO FinalProject.businessInfo (businessName, address, state) VALUES ('Conner Inc', '491 Goodwin Plain', 'MI');
INSERT INTO FinalProject.businessInfo (businessName, address, state) VALUES ('Campbell Group', '391 Matthew Extension', 'MN');
INSERT INTO FinalProject.businessInfo (businessName, address, state) VALUES ('Carlson Inc', '061 Michelle Throughway', 'MN');
INSERT INTO FinalProject.businessInfo (businessName, address, state) VALUES ('Le-Jones', '6433 Harris Lakes', 'MN');
INSERT INTO FinalProject.businessInfo (businessName, address, state) VALUES ('Lewis Inc', '821 Jones Tunnel Suite 641', 'MN');
INSERT INTO FinalProject.businessInfo (businessName, address, state) VALUES ('Stevens Inc', '5014 Cherry Spring Apt. 498', 'MN');
INSERT INTO FinalProject.businessInfo (businessName, address, state) VALUES ('White Group', '70725 Randy Lane', 'MN');
INSERT INTO FinalProject.businessInfo (businessName, address, state) VALUES ('Williams and Sons', '01526 Linda Route', 'MN');
INSERT INTO FinalProject.businessInfo (businessName, address, state) VALUES ('Cook, Ryan and Doyle', '740 Anna Island', 'MO');
INSERT INTO FinalProject.businessInfo (businessName, address, state) VALUES ('Ramsey Ltd', '11237 Brown Trail Apt. 020', 'MO');
INSERT INTO FinalProject.businessInfo (businessName, address, state) VALUES ('Richard PLC', '908 Reeves Ramp', 'MO');
INSERT INTO FinalProject.businessInfo (businessName, address, state) VALUES ('Watkins, Orr and Harper', '60605 James Camp', 'MO');
INSERT INTO FinalProject.businessInfo (businessName, address, state) VALUES ('Young Inc', '849 Shelby Forks Suite 875', 'MO');
INSERT INTO FinalProject.businessInfo (businessName, address, state) VALUES ('Buchanan, Cox and Clark', '89714 Oconnell Way', 'MS');
INSERT INTO FinalProject.businessInfo (businessName, address, state) VALUES ('Davis Group', '38905 Newton Lodge', 'MS');
INSERT INTO FinalProject.businessInfo (businessName, address, state) VALUES ('Dean, Snyder and Simpson', '4305 Taylor Knolls', 'MS');
INSERT INTO FinalProject.businessInfo (businessName, address, state) VALUES ('Mendez, Walton and Byrd', '584 Holly Parks Suite 813', 'MT');
INSERT INTO FinalProject.businessInfo (businessName, address, state) VALUES ('Sims-Myers', '4414 Martin Mount', 'MT');
INSERT INTO FinalProject.businessInfo (businessName, address, state) VALUES ('Garcia-Hawkins', '1954 Adams Via Apt. 351', 'NC');
INSERT INTO FinalProject.businessInfo (businessName, address, state) VALUES ('Morales, Le and Bradford', '250 Catherine Crescent Suite 753', 'NC');
INSERT INTO FinalProject.businessInfo (businessName, address, state) VALUES ('Stanley, Mueller and Miller', '82194 Susan Divide Apt. 127', 'NC');
INSERT INTO FinalProject.businessInfo (businessName, address, state) VALUES ('Torres, Kane and Valdez', '990 Stone Rapid', 'NC');
INSERT INTO FinalProject.businessInfo (businessName, address, state) VALUES ('Armstrong Ltd', '9724 Murphy Glens Apt. 066', 'ND');
INSERT INTO FinalProject.businessInfo (businessName, address, state) VALUES ('Bailey LLC', '64073 King Grove', 'ND');
INSERT INTO FinalProject.businessInfo (businessName, address, state) VALUES ('Beck-Brooks', '550 Rhonda Square Suite 641', 'ND');
INSERT INTO FinalProject.businessInfo (businessName, address, state) VALUES ('Harris Inc', '27497 Stephen Stream Suite 976', 'ND');
INSERT INTO FinalProject.businessInfo (businessName, address, state) VALUES ('Hernandez, Riggs and Edwards', '46214 John Mall', 'ND');
INSERT INTO FinalProject.businessInfo (businessName, address, state) VALUES ('Nelson, Bell and Jones', '49341 Jeffrey Corner Apt. 593', 'ND');
INSERT INTO FinalProject.businessInfo (businessName, address, state) VALUES ('Smith Inc', '76221 Rachel Lodge Apt. 728', 'ND');
INSERT INTO FinalProject.businessInfo (businessName, address, state) VALUES ('Brewer LLC', '201 Cassandra Heights Suite 529', 'NE');
INSERT INTO FinalProject.businessInfo (businessName, address, state) VALUES ('Jones, Rodriguez and Casey', '92178 Jacqueline Spring Apt. 751', 'NE');
INSERT INTO FinalProject.businessInfo (businessName, address, state) VALUES ('Walton Ltd', '522 Thomas Crossing Suite 646', 'NE');
INSERT INTO FinalProject.businessInfo (businessName, address, state) VALUES ('Rodriguez, Miller and Byrd', '928 Emily Green', 'NH');
INSERT INTO FinalProject.businessInfo (businessName, address, state) VALUES ('Vargas, Lyons and Lopez', '954 Lutz Parkways', 'NH');
INSERT INTO FinalProject.businessInfo (businessName, address, state) VALUES ('Foley-Hunter', '7107 Ryan Key Apt. 047', 'NJ');
INSERT INTO FinalProject.businessInfo (businessName, address, state) VALUES ('Lee-Peck', '9496 Joyce Ramp', 'NJ');
INSERT INTO FinalProject.businessInfo (businessName, address, state) VALUES ('Taylor-Foster', '7496 Flores Prairie Suite 151', 'NJ');
INSERT INTO FinalProject.businessInfo (businessName, address, state) VALUES ('Roberts PLC', '59303 Mooney Station', 'NM');
INSERT INTO FinalProject.businessInfo (businessName, address, state) VALUES ('Thomas Inc', '5067 Eaton Track Apt. 757', 'NM');
INSERT INTO FinalProject.businessInfo (businessName, address, state) VALUES ('White, Diaz and Rogers', '93678 Kevin Tunnel', 'NM');
INSERT INTO FinalProject.businessInfo (businessName, address, state) VALUES ('Hartman Group', '55395 Allen Mountains Apt. 793', 'NV');
INSERT INTO FinalProject.businessInfo (businessName, address, state) VALUES ('Cole Group', '4530 Thompson Estate Suite 963', 'NY');
INSERT INTO FinalProject.businessInfo (businessName, address, state) VALUES ('Williamson, Morgan and Mullins', '4942 Curry Parkway', 'NY');
INSERT INTO FinalProject.businessInfo (businessName, address, state) VALUES ('Heath, Thomas and Arroyo', '6773 Gonzalez Station Suite 528', 'OH');
INSERT INTO FinalProject.businessInfo (businessName, address, state) VALUES ('Anderson-Palmer', '137 Obrien Valley', 'OK');
INSERT INTO FinalProject.businessInfo (businessName, address, state) VALUES ('King PLC', '675 Michael Meadow Suite 360', 'OK');
INSERT INTO FinalProject.businessInfo (businessName, address, state) VALUES ('Smith-Carson', '75770 Gray Row', 'OK');
INSERT INTO FinalProject.businessInfo (businessName, address, state) VALUES ('Williams-Murray', '825 Lopez Circles Apt. 410', 'OK');
INSERT INTO FinalProject.businessInfo (businessName, address, state) VALUES ('Brown-Morgan', '456 Johnson Ways Suite 326', 'OR');
INSERT INTO FinalProject.businessInfo (businessName, address, state) VALUES ('Gibson-Smith', '2276 Galvan Station', 'OR');
INSERT INTO FinalProject.businessInfo (businessName, address, state) VALUES ('Ortiz, Phillips and Gonzalez', '53585 Jimenez Station Suite 667', 'OR');
INSERT INTO FinalProject.businessInfo (businessName, address, state) VALUES ('Schroeder-Jones', '2007 Kyle Spurs Suite 101', 'OR');
INSERT INTO FinalProject.businessInfo (businessName, address, state) VALUES ('Cole, Moreno and Stevens', '47400 Kendra Via Suite 837', 'RI');
INSERT INTO FinalProject.businessInfo (businessName, address, state) VALUES ('Cook, Horton and Pittman', '97475 Hernandez Mountain', 'RI');
INSERT INTO FinalProject.businessInfo (businessName, address, state) VALUES ('Farmer and Sons', '210 Quinn Turnpike Suite 113', 'RI');
INSERT INTO FinalProject.businessInfo (businessName, address, state) VALUES ('Martinez, Horne and Garcia', '138 Janet Avenue Apt. 099', 'RI');
INSERT INTO FinalProject.businessInfo (businessName, address, state) VALUES ('Moore, Vargas and Duran', '0275 Steven Port', 'RI');
INSERT INTO FinalProject.businessInfo (businessName, address, state) VALUES ('Scott-Reed', '99916 Bruce Fields', 'RI');
INSERT INTO FinalProject.businessInfo (businessName, address, state) VALUES ('Lewis, Miles and Parks', '5367 James Spurs', 'SC');
INSERT INTO FinalProject.businessInfo (businessName, address, state) VALUES ('Miller, Richard and Williams', '95813 Jones Haven Apt. 384', 'SC');
INSERT INTO FinalProject.businessInfo (businessName, address, state) VALUES ('Lewis-Payne', '62553 Ashley Fields Apt. 704', 'SD');
INSERT INTO FinalProject.businessInfo (businessName, address, state) VALUES ('Martinez Group', '3480 Adam Union', 'SD');
INSERT INTO FinalProject.businessInfo (businessName, address, state) VALUES ('Tran and Sons', '603 Martin Villages', 'SD');
INSERT INTO FinalProject.businessInfo (businessName, address, state) VALUES ('Greene-Jackson', '8005 Kelly Village', 'TN');
INSERT INTO FinalProject.businessInfo (businessName, address, state) VALUES ('Lopez, Harper and Reilly', '33612 Moore Falls', 'TN');
INSERT INTO FinalProject.businessInfo (businessName, address, state) VALUES ('Rodriguez, Andrews and Smith', '558 Wright Ports', 'TN');
INSERT INTO FinalProject.businessInfo (businessName, address, state) VALUES ('Villa-Hernandez', '685 David Street', 'TN');
INSERT INTO FinalProject.businessInfo (businessName, address, state) VALUES ('Ryan LLC', '082 Knight Rest Apt. 867', 'TX');
INSERT INTO FinalProject.businessInfo (businessName, address, state) VALUES ('Huff Ltd', '8516 Christina Point Apt. 974', 'UT');
INSERT INTO FinalProject.businessInfo (businessName, address, state) VALUES ('Miller, Cunningham and Parks', '401 Murray Vista', 'UT');
INSERT INTO FinalProject.businessInfo (businessName, address, state) VALUES ('Castro PLC', '7954 White Gateway Suite 149', 'VT');
INSERT INTO FinalProject.businessInfo (businessName, address, state) VALUES ('Gardner-Becker', '02463 Ramirez Valleys Apt. 196', 'VT');
INSERT INTO FinalProject.businessInfo (businessName, address, state) VALUES ('Carlson, Osborn and Brown', '9234 Victor Junction', 'WA');
INSERT INTO FinalProject.businessInfo (businessName, address, state) VALUES ('Gamble-Lee', '646 Davis Villages', 'WA');
INSERT INTO FinalProject.businessInfo (businessName, address, state) VALUES ('Wilson PLC', '3254 Ashley Fords Suite 252', 'WA');
INSERT INTO FinalProject.businessInfo (businessName, address, state) VALUES ('Carlson LLC', '140 Rivera Brooks Suite 851', 'WI');
INSERT INTO FinalProject.businessInfo (businessName, address, state) VALUES ('Erickson-Salinas', '832 Jesus Drive Suite 875', 'WI');
INSERT INTO FinalProject.businessInfo (businessName, address, state) VALUES ('Lopez, Wallace and Fletcher', '087 Woods Island Apt. 004', 'WI');
INSERT INTO FinalProject.businessInfo (businessName, address, state) VALUES ('Jenkins-Wheeler', '55533 Deborah Drives', 'WV');
INSERT INTO FinalProject.businessInfo (businessName, address, state) VALUES ('Moody Group', '775 Jones Haven', 'WV');
INSERT INTO FinalProject.businessInfo (businessName, address, state) VALUES ('Edwards and Sons', '549 Church Drive', 'WY');
INSERT INTO FinalProject.businessInfo (businessName, address, state) VALUES ('Lee, Rowe and Ball', '52364 David Coves Apt. 127', 'WY');
INSERT INTO FinalProject.businessInfo (businessName, address, state) VALUES ('Rose, Salazar and Peterson', '90351 Hampton Circle', 'WY');

INSERT INTO FinalProject.balance (userName, balance, ID) VALUES ('steakLOB', 5841, 1);
INSERT INTO FinalProject.balance (userName, balance, ID) VALUES ('karlHickel', 5576800, 2);
INSERT INTO FinalProject.balance (userName, balance, ID) VALUES ('ander428', 1172367, 3);
INSERT INTO FinalProject.balance (userName, balance, ID) VALUES ('test', 0, 4);
INSERT INTO FinalProject.balance (userName, balance, ID) VALUES ('test1', 0, 5);
INSERT INTO FinalProject.balance (userName, balance, ID) VALUES ('fake', 0, 6);

INSERT INTO FinalProject.transactions (ID, userName, amount, DOT, businessName) VALUES (1, 'steakLOB', -1781, '2018-05-07', 'Le-Jones');
INSERT INTO FinalProject.transactions (ID, userName, amount, DOT, businessName) VALUES (2, 'steakLOB', -611, '2018-05-17', 'Aguirre-Cook');
INSERT INTO FinalProject.transactions (ID, userName, amount, DOT, businessName) VALUES (3, 'steakLOB', -903, '2018-05-18', 'Murphy, Chavez and Henderson');
INSERT INTO FinalProject.transactions (ID, userName, amount, DOT, businessName) VALUES (4, 'steakLOB', -1380, '2018-05-26', 'Kaiser-Golden');
INSERT INTO FinalProject.transactions (ID, userName, amount, DOT, businessName) VALUES (5, 'steakLOB', -565, '2018-07-01', 'Watson, Gomez and White');
INSERT INTO FinalProject.transactions (ID, userName, amount, DOT, businessName) VALUES (6, 'steakLOB', -1923, '2018-07-20', 'Williams-Murray');
INSERT INTO FinalProject.transactions (ID, userName, amount, DOT, businessName) VALUES (7, 'steakLOB', -372, '2018-07-28', 'Vargas, Lyons and Lopez');
INSERT INTO FinalProject.transactions (ID, userName, amount, DOT, businessName) VALUES (8, 'steakLOB', -1660, '2018-07-29', 'Rose-Watkins');
INSERT INTO FinalProject.transactions (ID, userName, amount, DOT, businessName) VALUES (9, 'steakLOB', -1204, '2018-07-31', 'Bolton, Barnes and Hernandez');
INSERT INTO FinalProject.transactions (ID, userName, amount, DOT, businessName) VALUES (10, 'steakLOB', -1511, '2018-08-15', 'Tanner, Thomas and Mclaughlin');
INSERT INTO FinalProject.transactions (ID, userName, amount, DOT, businessName) VALUES (11, 'steakLOB', 0, '2018-08-18', 'Jenkins-Wheeler');
INSERT INTO FinalProject.transactions (ID, userName, amount, DOT, businessName) VALUES (12, 'steakLOB', -1472, '2018-08-19', 'Buchanan, Cox and Clark');
INSERT INTO FinalProject.transactions (ID, userName, amount, DOT, businessName) VALUES (13, 'steakLOB', -360, '2018-08-23', 'Campbell Group');
INSERT INTO FinalProject.transactions (ID, userName, amount, DOT, businessName) VALUES (14, 'steakLOB', -1740, '2018-08-29', 'Lopez, Harper and Reilly');
INSERT INTO FinalProject.transactions (ID, userName, amount, DOT, businessName) VALUES (15, 'steakLOB', -176, '2018-09-10', 'White, Diaz and Rogers');
INSERT INTO FinalProject.transactions (ID, userName, amount, DOT, businessName) VALUES (16, 'steakLOB', -1552, '2018-09-23', 'Crawford-Sullivan');
INSERT INTO FinalProject.transactions (ID, userName, amount, DOT, businessName) VALUES (17, 'steakLOB', -478, '2018-09-29', 'Smith-Carson');
INSERT INTO FinalProject.transactions (ID, userName, amount, DOT, businessName) VALUES (18, 'steakLOB', -380, '2018-10-01', 'Castro PLC');
INSERT INTO FinalProject.transactions (ID, userName, amount, DOT, businessName) VALUES (19, 'steakLOB', -1423, '2018-10-06', 'Reed, Lara and Mendoza');
INSERT INTO FinalProject.transactions (ID, userName, amount, DOT, businessName) VALUES (20, 'steakLOB', -139, '2018-10-11', 'Morris, Morales and Walker');
INSERT INTO FinalProject.transactions (ID, userName, amount, DOT, businessName) VALUES (21, 'steakLOB', -1726, '2018-10-12', 'Moore, Vargas and Duran');
INSERT INTO FinalProject.transactions (ID, userName, amount, DOT, businessName) VALUES (22, 'steakLOB', -41, '2018-11-06', 'Rose, Salazar and Peterson');
INSERT INTO FinalProject.transactions (ID, userName, amount, DOT, businessName) VALUES (23, 'steakLOB', -1577, '2018-11-08', 'Mccann Group');
INSERT INTO FinalProject.transactions (ID, userName, amount, DOT, businessName) VALUES (24, 'steakLOB', -1659, '2018-11-11', 'Lynn-Fox');
INSERT INTO FinalProject.transactions (ID, userName, amount, DOT, businessName) VALUES (25, 'steakLOB', -932, '2018-11-20', 'Nelson, Bell and Jones');
INSERT INTO FinalProject.transactions (ID, userName, amount, DOT, businessName) VALUES (26, 'steakLOB', -1430, '2018-12-09', 'Jackson-Bray');
INSERT INTO FinalProject.transactions (ID, userName, amount, DOT, businessName) VALUES (27, 'steakLOB', -1937, '2018-12-09', 'Beck-Brooks');
INSERT INTO FinalProject.transactions (ID, userName, amount, DOT, businessName) VALUES (28, 'steakLOB', -1797, '2018-12-10', 'Jones PLC');
INSERT INTO FinalProject.transactions (ID, userName, amount, DOT, businessName) VALUES (29, 'steakLOB', -1020, '2018-12-17', 'Davis Group');
INSERT INTO FinalProject.transactions (ID, userName, amount, DOT, businessName) VALUES (30, 'steakLOB', -230, '2018-12-17', 'Farmer and Sons');
INSERT INTO FinalProject.transactions (ID, userName, amount, DOT, businessName) VALUES (31, 'steakLOB', -1097, '2018-12-29', 'Tran and Sons');
INSERT INTO FinalProject.transactions (ID, userName, amount, DOT, businessName) VALUES (32, 'steakLOB', -999, '2018-12-30', 'Garcia-Hawkins');
INSERT INTO FinalProject.transactions (ID, userName, amount, DOT, businessName) VALUES (33, 'steakLOB', -1008, '2018-12-31', 'Gardner-Becker');
INSERT INTO FinalProject.transactions (ID, userName, amount, DOT, businessName) VALUES (34, 'steakLOB', 32, '2019-01-08', 'Heath, Thomas and Arroyo');
INSERT INTO FinalProject.transactions (ID, userName, amount, DOT, businessName) VALUES (35, 'steakLOB', -1946, '2019-01-19', 'Young Inc');
INSERT INTO FinalProject.transactions (ID, userName, amount, DOT, businessName) VALUES (36, 'steakLOB', -1353, '2019-01-27', 'Lopez, Wallace and Fletcher');
INSERT INTO FinalProject.transactions (ID, userName, amount, DOT, businessName) VALUES (37, 'steakLOB', -1196, '2019-02-10', 'Greene-Jackson');
INSERT INTO FinalProject.transactions (ID, userName, amount, DOT, businessName) VALUES (38, 'steakLOB', -426, '2019-02-15', 'Garcia, White and Valencia');
INSERT INTO FinalProject.transactions (ID, userName, amount, DOT, businessName) VALUES (39, 'steakLOB', -136, '2019-02-17', 'Zimmerman-Davis');
INSERT INTO FinalProject.transactions (ID, userName, amount, DOT, businessName) VALUES (40, 'steakLOB', -1559, '2019-02-20', 'Reynolds, Garcia and Walker');
INSERT INTO FinalProject.transactions (ID, userName, amount, DOT, businessName) VALUES (41, 'steakLOB', -146, '2019-02-23', 'Beltran and Sons');
INSERT INTO FinalProject.transactions (ID, userName, amount, DOT, businessName) VALUES (42, 'steakLOB', -580, '2019-02-25', 'Moody Group');
INSERT INTO FinalProject.transactions (ID, userName, amount, DOT, businessName) VALUES (43, 'steakLOB', -756, '2019-03-06', 'Villa-Hernandez');
INSERT INTO FinalProject.transactions (ID, userName, amount, DOT, businessName) VALUES (44, 'steakLOB', -428, '2019-03-07', 'Dean, Snyder and Simpson');
INSERT INTO FinalProject.transactions (ID, userName, amount, DOT, businessName) VALUES (45, 'steakLOB', -54, '2019-03-08', 'Smith Ltd');
INSERT INTO FinalProject.transactions (ID, userName, amount, DOT, businessName) VALUES (46, 'steakLOB', -805, '2019-03-10', 'Schroeder-Jones');
INSERT INTO FinalProject.transactions (ID, userName, amount, DOT, businessName) VALUES (47, 'steakLOB', 198, '2019-03-13', 'Erickson-Salinas');
INSERT INTO FinalProject.transactions (ID, userName, amount, DOT, businessName) VALUES (48, 'steakLOB', -1035, '2019-03-13', 'Wilson Inc');
INSERT INTO FinalProject.transactions (ID, userName, amount, DOT, businessName) VALUES (49, 'steakLOB', 183, '2019-04-11', 'Carpenter-Neal');
INSERT INTO FinalProject.transactions (ID, userName, amount, DOT, businessName) VALUES (50, 'steakLOB', -1846, '2019-04-16', 'Keller and Sons');
INSERT INTO FinalProject.transactions (ID, userName, amount, DOT, businessName) VALUES (51, 'steakLOB', -1223, '2019-04-23', 'Scott-Reed');
INSERT INTO FinalProject.transactions (ID, userName, amount, DOT, businessName) VALUES (52, 'karlHickel', 52776, '2018-05-05', 'Flores Group');
INSERT INTO FinalProject.transactions (ID, userName, amount, DOT, businessName) VALUES (53, 'karlHickel', 95441, '2018-05-09', 'Woods-Rhodes');
INSERT INTO FinalProject.transactions (ID, userName, amount, DOT, businessName) VALUES (54, 'karlHickel', 64673, '2018-06-01', 'Miller, Richard and Williams');
INSERT INTO FinalProject.transactions (ID, userName, amount, DOT, businessName) VALUES (55, 'karlHickel', 47618, '2018-06-13', 'Gamble-Lee');
INSERT INTO FinalProject.transactions (ID, userName, amount, DOT, businessName) VALUES (56, 'karlHickel', 44501, '2018-06-25', 'Watkins, Orr and Harper');
INSERT INTO FinalProject.transactions (ID, userName, amount, DOT, businessName) VALUES (57, 'karlHickel', 88401, '2018-07-07', 'Lewis-Payne');
INSERT INTO FinalProject.transactions (ID, userName, amount, DOT, businessName) VALUES (58, 'karlHickel', 68912, '2018-07-11', 'Lee Ltd');
INSERT INTO FinalProject.transactions (ID, userName, amount, DOT, businessName) VALUES (59, 'karlHickel', 63418, '2018-07-11', 'Forbes-Donovan');
INSERT INTO FinalProject.transactions (ID, userName, amount, DOT, businessName) VALUES (60, 'karlHickel', 88828, '2018-07-22', 'Richardson, Sandoval and Brown');
INSERT INTO FinalProject.transactions (ID, userName, amount, DOT, businessName) VALUES (61, 'karlHickel', 88465, '2018-07-25', 'Richard PLC');
INSERT INTO FinalProject.transactions (ID, userName, amount, DOT, businessName) VALUES (62, 'karlHickel', 59271, '2018-08-08', 'Munoz, Herman and Cline');
INSERT INTO FinalProject.transactions (ID, userName, amount, DOT, businessName) VALUES (63, 'karlHickel', 32773, '2018-08-09', 'Ruiz Inc');
INSERT INTO FinalProject.transactions (ID, userName, amount, DOT, businessName) VALUES (64, 'karlHickel', 49394, '2018-08-24', 'Mckee Ltd');
INSERT INTO FinalProject.transactions (ID, userName, amount, DOT, businessName) VALUES (65, 'karlHickel', 45962, '2018-08-30', 'Sims-Myers');
INSERT INTO FinalProject.transactions (ID, userName, amount, DOT, businessName) VALUES (66, 'karlHickel', 61965, '2018-09-07', 'Stanley, Mueller and Miller');
INSERT INTO FinalProject.transactions (ID, userName, amount, DOT, businessName) VALUES (67, 'karlHickel', 60689, '2018-09-18', 'Carter PLC');
INSERT INTO FinalProject.transactions (ID, userName, amount, DOT, businessName) VALUES (68, 'karlHickel', 88937, '2018-09-27', 'Wagner-Daniels');
INSERT INTO FinalProject.transactions (ID, userName, amount, DOT, businessName) VALUES (69, 'karlHickel', 85694, '2018-10-02', 'Jones, Rodriguez and Casey');
INSERT INTO FinalProject.transactions (ID, userName, amount, DOT, businessName) VALUES (70, 'karlHickel', 71689, '2018-10-11', 'Tyler, Mcpherson and Meyer');
INSERT INTO FinalProject.transactions (ID, userName, amount, DOT, businessName) VALUES (71, 'karlHickel', 66484, '2018-10-21', 'Diaz-Pena');
INSERT INTO FinalProject.transactions (ID, userName, amount, DOT, businessName) VALUES (72, 'karlHickel', 83876, '2018-11-02', 'Mora LLC');
INSERT INTO FinalProject.transactions (ID, userName, amount, DOT, businessName) VALUES (73, 'karlHickel', 58158, '2018-11-09', 'Patterson PLC');
INSERT INTO FinalProject.transactions (ID, userName, amount, DOT, businessName) VALUES (74, 'karlHickel', 83735, '2018-11-16', 'Brewer LLC');
INSERT INTO FinalProject.transactions (ID, userName, amount, DOT, businessName) VALUES (75, 'karlHickel', 36267, '2018-11-19', 'French-Davis');
INSERT INTO FinalProject.transactions (ID, userName, amount, DOT, businessName) VALUES (76, 'karlHickel', 67677, '2018-11-22', 'Gallagher, Henderson and Martin');
INSERT INTO FinalProject.transactions (ID, userName, amount, DOT, businessName) VALUES (77, 'karlHickel', 52152, '2018-12-10', 'Carlson, Osborn and Brown');
INSERT INTO FinalProject.transactions (ID, userName, amount, DOT, businessName) VALUES (78, 'karlHickel', 35638, '2018-12-11', 'Crawford and Sons');
INSERT INTO FinalProject.transactions (ID, userName, amount, DOT, businessName) VALUES (79, 'karlHickel', 78033, '2018-12-18', 'Huff Ltd');
INSERT INTO FinalProject.transactions (ID, userName, amount, DOT, businessName) VALUES (80, 'karlHickel', 87021, '2018-12-28', 'Lewis, Miles and Parks');
INSERT INTO FinalProject.transactions (ID, userName, amount, DOT, businessName) VALUES (81, 'karlHickel', 92591, '2018-12-31', 'Carlson LLC');
INSERT INTO FinalProject.transactions (ID, userName, amount, DOT, businessName) VALUES (82, 'karlHickel', 55193, '2019-01-26', 'Martinez Group');
INSERT INTO FinalProject.transactions (ID, userName, amount, DOT, businessName) VALUES (83, 'karlHickel', 76600, '2019-01-27', 'Armstrong Ltd');
INSERT INTO FinalProject.transactions (ID, userName, amount, DOT, businessName) VALUES (84, 'karlHickel', 85501, '2019-01-29', 'Hernandez, Riggs and Edwards');
INSERT INTO FinalProject.transactions (ID, userName, amount, DOT, businessName) VALUES (85, 'karlHickel', 98725, '2019-01-30', 'Hunt, Harris and Gilmore');
INSERT INTO FinalProject.transactions (ID, userName, amount, DOT, businessName) VALUES (86, 'karlHickel', 53851, '2019-01-31', 'Benitez, Thompson and Strickland');
INSERT INTO FinalProject.transactions (ID, userName, amount, DOT, businessName) VALUES (87, 'karlHickel', 80973, '2019-02-01', 'Smith, Velazquez and Barry');
INSERT INTO FinalProject.transactions (ID, userName, amount, DOT, businessName) VALUES (88, 'karlHickel', 69352, '2019-02-09', 'Hendrix, Gibson and Jenkins');
INSERT INTO FinalProject.transactions (ID, userName, amount, DOT, businessName) VALUES (89, 'karlHickel', 45672, '2019-02-09', 'King PLC');
INSERT INTO FinalProject.transactions (ID, userName, amount, DOT, businessName) VALUES (90, 'karlHickel', 81536, '2019-02-12', 'Williams and Sons');
INSERT INTO FinalProject.transactions (ID, userName, amount, DOT, businessName) VALUES (91, 'karlHickel', 99609, '2019-02-14', 'Mcconnell, Thomas and Carey');
INSERT INTO FinalProject.transactions (ID, userName, amount, DOT, businessName) VALUES (92, 'karlHickel', 72275, '2019-03-02', 'Cole, Moreno and Stevens');
INSERT INTO FinalProject.transactions (ID, userName, amount, DOT, businessName) VALUES (93, 'karlHickel', 88122, '2019-03-03', 'Archer-Harrison');
INSERT INTO FinalProject.transactions (ID, userName, amount, DOT, businessName) VALUES (94, 'karlHickel', 77793, '2019-03-04', 'Chavez, Thompson and Long');
INSERT INTO FinalProject.transactions (ID, userName, amount, DOT, businessName) VALUES (95, 'karlHickel', 83464, '2019-03-07', 'Cole Group');
INSERT INTO FinalProject.transactions (ID, userName, amount, DOT, businessName) VALUES (96, 'karlHickel', 70637, '2019-03-14', 'Collins, Stevens and Alvarado');
INSERT INTO FinalProject.transactions (ID, userName, amount, DOT, businessName) VALUES (97, 'karlHickel', 95335, '2019-03-27', 'Pugh, Lee and Morgan');
INSERT INTO FinalProject.transactions (ID, userName, amount, DOT, businessName) VALUES (98, 'karlHickel', 51089, '2019-03-28', 'Morales, Le and Bradford');
INSERT INTO FinalProject.transactions (ID, userName, amount, DOT, businessName) VALUES (99, 'karlHickel', 56235, '2019-03-29', 'Rodriguez, Andrews and Smith');
INSERT INTO FinalProject.transactions (ID, userName, amount, DOT, businessName) VALUES (100, 'karlHickel', 64605, '2019-04-11', 'Wheeler, Ramirez and Parker');
INSERT INTO FinalProject.transactions (ID, userName, amount, DOT, businessName) VALUES (101, 'karlHickel', 92385, '2019-04-13', 'Rosales Inc');
INSERT INTO FinalProject.transactions (ID, userName, amount, DOT, businessName) VALUES (102, 'karlHickel', 76809, '2019-04-13', 'Conner Inc');
INSERT INTO FinalProject.transactions (ID, userName, amount, DOT, businessName) VALUES (103, 'ander428', 25859, '2018-04-27', 'Mendez, Walton and Byrd');
INSERT INTO FinalProject.transactions (ID, userName, amount, DOT, businessName) VALUES (104, 'ander428', 35777, '2018-05-04', 'Miller, Cunningham and Parks');
INSERT INTO FinalProject.transactions (ID, userName, amount, DOT, businessName) VALUES (105, 'ander428', 32552, '2018-05-17', 'Bailey LLC');
INSERT INTO FinalProject.transactions (ID, userName, amount, DOT, businessName) VALUES (106, 'ander428', 18497, '2018-05-21', 'Burke Ltd');
INSERT INTO FinalProject.transactions (ID, userName, amount, DOT, businessName) VALUES (107, 'ander428', 7698, '2018-05-22', 'Fuller-Fritz');
INSERT INTO FinalProject.transactions (ID, userName, amount, DOT, businessName) VALUES (108, 'ander428', 12460, '2018-06-10', 'Munoz, Black and Arellano');
INSERT INTO FinalProject.transactions (ID, userName, amount, DOT, businessName) VALUES (109, 'ander428', 21143, '2018-06-13', 'Armstrong Inc');
INSERT INTO FinalProject.transactions (ID, userName, amount, DOT, businessName) VALUES (110, 'ander428', 30728, '2018-06-13', 'Ramsey Ltd');
INSERT INTO FinalProject.transactions (ID, userName, amount, DOT, businessName) VALUES (111, 'ander428', 17816, '2018-06-16', 'Torres, Kane and Valdez');
INSERT INTO FinalProject.transactions (ID, userName, amount, DOT, businessName) VALUES (112, 'ander428', -6058, '2018-07-09', 'Smith, Becker and Walton');
INSERT INTO FinalProject.transactions (ID, userName, amount, DOT, businessName) VALUES (113, 'ander428', 29949, '2018-07-11', 'Levine-Diaz');
INSERT INTO FinalProject.transactions (ID, userName, amount, DOT, businessName) VALUES (114, 'ander428', -8837, '2018-07-17', 'Jones, Thomas and Tapia');
INSERT INTO FinalProject.transactions (ID, userName, amount, DOT, businessName) VALUES (115, 'ander428', -3247, '2018-08-05', 'Brown-Morgan');
INSERT INTO FinalProject.transactions (ID, userName, amount, DOT, businessName) VALUES (116, 'ander428', 29534, '2018-08-19', 'Harris Inc');
INSERT INTO FinalProject.transactions (ID, userName, amount, DOT, businessName) VALUES (117, 'ander428', 35929, '2018-08-21', 'Williams Ltd');
INSERT INTO FinalProject.transactions (ID, userName, amount, DOT, businessName) VALUES (118, 'ander428', 18270, '2018-08-22', 'Perry-Barr');
INSERT INTO FinalProject.transactions (ID, userName, amount, DOT, businessName) VALUES (119, 'ander428', 34570, '2018-08-23', 'Stevens Inc');
INSERT INTO FinalProject.transactions (ID, userName, amount, DOT, businessName) VALUES (120, 'ander428', 11880, '2018-08-30', 'Ortiz, Phillips and Gonzalez');
INSERT INTO FinalProject.transactions (ID, userName, amount, DOT, businessName) VALUES (121, 'ander428', -1559, '2018-09-01', 'Edwards and Sons');
INSERT INTO FinalProject.transactions (ID, userName, amount, DOT, businessName) VALUES (122, 'ander428', 349, '2018-09-25', 'Johnson and Sons');
INSERT INTO FinalProject.transactions (ID, userName, amount, DOT, businessName) VALUES (123, 'ander428', 7942, '2018-10-07', 'Thomas Inc');
INSERT INTO FinalProject.transactions (ID, userName, amount, DOT, businessName) VALUES (124, 'ander428', 30581, '2018-10-19', 'Roberts PLC');
INSERT INTO FinalProject.transactions (ID, userName, amount, DOT, businessName) VALUES (125, 'ander428', 460, '2018-10-23', 'Haynes, Moore and Phillips');
INSERT INTO FinalProject.transactions (ID, userName, amount, DOT, businessName) VALUES (126, 'ander428', -5099, '2018-11-01', 'Payne, Lopez and Luna');
INSERT INTO FinalProject.transactions (ID, userName, amount, DOT, businessName) VALUES (127, 'ander428', 24344, '2018-11-13', 'May PLC');
INSERT INTO FinalProject.transactions (ID, userName, amount, DOT, businessName) VALUES (128, 'ander428', 23113, '2018-11-25', 'Horn-Lopez');
INSERT INTO FinalProject.transactions (ID, userName, amount, DOT, businessName) VALUES (129, 'ander428', 29273, '2018-11-27', 'Smith Inc');
INSERT INTO FinalProject.transactions (ID, userName, amount, DOT, businessName) VALUES (130, 'ander428', -588, '2018-12-10', 'Cook, Horton and Pittman');
INSERT INTO FinalProject.transactions (ID, userName, amount, DOT, businessName) VALUES (131, 'ander428', 30373, '2018-12-16', 'Martinez, Horne and Garcia');
INSERT INTO FinalProject.transactions (ID, userName, amount, DOT, businessName) VALUES (132, 'ander428', 11983, '2018-12-24', 'Wilson PLC');
INSERT INTO FinalProject.transactions (ID, userName, amount, DOT, businessName) VALUES (133, 'ander428', -2223, '2019-01-04', 'White Group');
INSERT INTO FinalProject.transactions (ID, userName, amount, DOT, businessName) VALUES (134, 'ander428', -4531, '2019-01-14', 'Richardson PLC');
INSERT INTO FinalProject.transactions (ID, userName, amount, DOT, businessName) VALUES (135, 'ander428', 11263, '2019-01-15', 'Lewis Inc');
INSERT INTO FinalProject.transactions (ID, userName, amount, DOT, businessName) VALUES (136, 'ander428', -7712, '2019-01-15', 'Williamson, Morgan and Mullins');
INSERT INTO FinalProject.transactions (ID, userName, amount, DOT, businessName) VALUES (137, 'ander428', 2490, '2019-01-21', 'Lee-Peck');
INSERT INTO FinalProject.transactions (ID, userName, amount, DOT, businessName) VALUES (138, 'ander428', 26038, '2019-01-21', 'Cooper Group');
INSERT INTO FinalProject.transactions (ID, userName, amount, DOT, businessName) VALUES (139, 'ander428', 21727, '2019-02-08', 'Hartman Group');
INSERT INTO FinalProject.transactions (ID, userName, amount, DOT, businessName) VALUES (140, 'ander428', 30536, '2019-02-09', 'Anderson-Palmer');
INSERT INTO FinalProject.transactions (ID, userName, amount, DOT, businessName) VALUES (141, 'ander428', 11213, '2019-02-14', 'Taylor-Foster');
INSERT INTO FinalProject.transactions (ID, userName, amount, DOT, businessName) VALUES (142, 'ander428', 4023, '2019-02-15', 'Cook, Ryan and Doyle');
INSERT INTO FinalProject.transactions (ID, userName, amount, DOT, businessName) VALUES (143, 'ander428', -8012, '2019-02-18', 'Ryan LLC');
INSERT INTO FinalProject.transactions (ID, userName, amount, DOT, businessName) VALUES (144, 'ander428', 29271, '2019-02-18', 'Gibson-Smith');
INSERT INTO FinalProject.transactions (ID, userName, amount, DOT, businessName) VALUES (145, 'ander428', 39108, '2019-02-25', 'Carlson Inc');
INSERT INTO FinalProject.transactions (ID, userName, amount, DOT, businessName) VALUES (146, 'ander428', 4995, '2019-03-05', 'Knight, Myers and Pope');
INSERT INTO FinalProject.transactions (ID, userName, amount, DOT, businessName) VALUES (147, 'ander428', 13659, '2019-03-21', 'Smith PLC');
INSERT INTO FinalProject.transactions (ID, userName, amount, DOT, businessName) VALUES (148, 'ander428', 15480, '2019-03-28', 'Walton Ltd');
INSERT INTO FinalProject.transactions (ID, userName, amount, DOT, businessName) VALUES (149, 'ander428', 29510, '2019-03-31', 'Cain-Nolan');
INSERT INTO FinalProject.transactions (ID, userName, amount, DOT, businessName) VALUES (150, 'ander428', 31705, '2019-04-02', 'Lee, Rowe and Ball');
INSERT INTO FinalProject.transactions (ID, userName, amount, DOT, businessName) VALUES (151, 'ander428', 2541, '2019-04-12', 'Hall PLC');
INSERT INTO FinalProject.transactions (ID, userName, amount, DOT, businessName) VALUES (152, 'ander428', 30829, '2019-04-13', 'Rodriguez, Miller and Byrd');
INSERT INTO FinalProject.transactions (ID, userName, amount, DOT, businessName) VALUES (153, 'ander428', 16365, '2019-04-23', 'Foley-Hunter');
INSERT INTO FinalProject.transactions (ID, userName, amount, DOT, businessName) VALUES (154, 'steakLOB', 3000, '2019-05-15', 'Bolton, Barnes and Hernandez');
INSERT INTO FinalProject.transactions (ID, userName, amount, DOT, businessName) VALUES (166, 'steakLOB', 1000, '2019-05-15', 'Bolton, Barnes and Hernandez');
INSERT INTO FinalProject.transactions (ID, userName, amount, DOT, businessName) VALUES (167, 'ander428', 2000, '2019-05-15', 'Mendez, Walton and Byrd');
INSERT INTO FinalProject.transactions (ID, userName, amount, DOT, businessName) VALUES (168, 'ander428', 2000, '2019-05-15', 'Mendez, Walton and Byrd');
INSERT INTO FinalProject.transactions (ID, userName, amount, DOT, businessName) VALUES (169, 'ander428', 500, '2019-05-15', 'Mendez, Walton and Byrd');
INSERT INTO FinalProject.transactions (ID, userName, amount, DOT, businessName) VALUES (170, 'ander428', -5000, '2019-05-15', '');
INSERT INTO FinalProject.transactions (ID, userName, amount, DOT, businessName) VALUES (171, 'ander428', -5000, '2019-05-15', '');
INSERT INTO FinalProject.transactions (ID, userName, amount, DOT, businessName) VALUES (172, 'ander428', -5500, '2019-05-15', 'McDonalds');
INSERT INTO FinalProject.transactions (ID, userName, amount, DOT, businessName) VALUES (173, 'ander428', -5500, '2019-05-15', 'McDonalds');
INSERT INTO FinalProject.transactions (ID, userName, amount, DOT, businessName) VALUES (174, 'ander428', -5500, '2019-05-15', 'McDonalds');
INSERT INTO FinalProject.transactions (ID, userName, amount, DOT, businessName) VALUES (175, 'ander428', 200, '2019-05-15', 'Wendy''s');
INSERT INTO FinalProject.transactions (ID, userName, amount, DOT, businessName) VALUES (176, 'ander428', 200, '2019-05-15', '');
